USER000001,56866142137effdaece9d8da3596027f,localhost,7001
USER000002,18f255e030b49c27d52d21a96ba19495,localhost,7002
USER000003,4269d16f9b54024a9420a9a9b991ced3,localhost,7003
USER000004,1ebef860f8aa7a28acfd43d6daecb33a,localhost,7004
USER000005,dc2fa23439d740a0da4189c4797cab45,localhost,7005
USER000006,4dcd677cb1c61042ce8d42297a186fc9,localhost,7006
USER000007,68b6bb114097f8bbd6f862b69fe830b5,localhost,7007
USER000008,96cf494e3dfcb9ddade0599477304c6c,localhost,7008
USER000009,bcce1caac0b1c28ae792ee8848ae6638,localhost,7009
USER000010,1ee39a9a622c1d559423044d919b095e,localhost,7010
USER000011,3da7732a0028adad93375237e2cf46ff,localhost,7011
USER000012,d14390c8cd7dff88a068a1595d8c51c4,localhost,7012
USER000013,98fb6bd032ccd272d305a367cb3a3417,localhost,7013
USER000014,223f1df1dd1d74f2895c49c75ea539dd,localhost,7014
USER000015,9a86703821b06dd9edeb725af3a7f9aa,localhost,7015
USER000016,02cc4ad0d73993e4b239445ec0ec387a,localhost,7016
USER000017,7778c026bba222059c3d2be1d5356383,localhost,7017
USER000018,7974251731d60cc5bc3c9b1e6516980f,localhost,7018
USER000019,a1550671af3e6d0c4a366e4603cf7b33,localhost,7019
USER000020,013eb1295d4481fd1d81ddb0369fd4d4,localhost,7020
USER000021,bf5e9280e09508d4231e0ee93ad39aa0,localhost,7021
USER000022,bc34fdf8c69a882ef777eebf81bbe83b,localhost,7022
USER000023,33854394ec3d4a9dad07b05473e4ab66,localhost,7023
USER000024,83488435ae9ad1503afed93e6d072c03,localhost,7024
USER000025,739236c9d84edea07748e741bff245a6,localhost,7025
USER000026,718408e62e939164de02578f0b29b165,localhost,7026
USER000027,f358a59f1e8f5e335ca414af748cbb0e,localhost,7027
USER000028,7e3aec5eec972af47e4b8e9953400069,localhost,7028
USER000029,9d5fcdcbb9f967851fb737636c03aa96,localhost,7029
USER000030,61ed0d73774f2f4727597fa807a42077,localhost,7030
USER000031,008f330835022a9d43b38031358ef40c,localhost,7031
USER000032,8a86984af540b8115afed0cf719f9f30,localhost,7032
USER000033,aed9768bcfd57af97892411c3dc8f586,localhost,7033
USER000034,9a6858889ca9190148215c0856742bee,localhost,7034
USER000035,9f10f65447cecab234cbcb636ccb58af,localhost,7035
USER000036,df39ba6b81322e822cb3b2114df5029f,localhost,7036
USER000037,4f34be3ee03dd9b675fc01244d497084,localhost,7037
USER000038,974b1610688aeeff4411802f0647ee99,localhost,7038
USER000039,123b349dcc1520a2ef37b84541300294,localhost,7039
USER000040,d82ff152307dab1d6ce197dc9d27b688,localhost,7040
USER000041,367c11833e97f040606d2107dc9aea0f,localhost,7041
USER000042,51cc5671854ee3b16ab676ee0d9c24b9,localhost,7042
USER000043,29de1c1127dfe7bdb38e425edf998c99,localhost,7043
USER000044,fb93fc5eee9935686517e0c3b51c364d,localhost,7044
USER000045,925b5e25a40cf4a754303c9d40d1a02f,localhost,7045
USER000046,a2d9329f8a38f4b6d7bc45350e3b6bec,localhost,7046
USER000047,e5f2692ee8d586187dda615e019bf8c3,localhost,7047
USER000048,0068e95e51cb916b5f22d6a1d0f6c04c,localhost,7048
USER000049,b6c2ae95b59e30d34b8d3bf718613c0d,localhost,7049
USER000050,3d75c9465db0f1affe69877876018d70,localhost,7050
USER000051,21b35674a5dd24a6b854940e5ea6848a,localhost,7051
USER000052,5ef951aadd3e28dcc3b51bb500ed711b,localhost,7052
USER000053,133ca29925ef6166279a4356f430e6d6,localhost,7053
USER000054,d6672eefb9e7dc12942044f73b2bf291,localhost,7054
USER000055,4bb99edd9516ac72917299e73dd44cc4,localhost,7055
USER000056,25c8bf663786a4f07613d9bdc4c641f2,localhost,7056
USER000057,acc5535bee463917fed2bb78fff4fd44,localhost,7057
USER000058,4d77d55a1bfe92ee7aa433c33fe20fde,localhost,7058
USER000059,03052ee334e936db90c3e73a907d6ba6,localhost,7059
USER000060,e04bcce3a2189701744d6e5a4fdabe28,localhost,7060
USER000061,dfc0fff644a179e5041e014009a6ac6f,localhost,7061
USER000062,fda4adcb7d49f28add6dcbe1969ab53d,localhost,7062
USER000063,6f38106a936ba3b12f2a37da7eb1fbca,localhost,7063
USER000064,c5b8b441f8a559ea329a95714fdfd3ec,localhost,7064
USER000065,90e46c15147b5e677af218ae4c066dce,localhost,7065
USER000066,49744d151108c8618befdb1e71ef17df,localhost,7066
USER000067,feb2549c756b53ecc69d04ece465c037,localhost,7067
USER000068,d622743faef851ce49d2f6f399413943,localhost,7068
USER000069,f31ca9e5032662b87aded37262cbf5fc,localhost,7069
USER000070,f20ce376edb7d3792fc2ede8325112a0,localhost,7070
USER000071,2b3f1899e925dd66c2aebf17945dbd01,localhost,7071
USER000072,743ce7db8307163a1d737119f62daf54,localhost,7072
USER000073,6cb80a78e2de4bfd83e50952243868cc,localhost,7073
USER000074,c7a49fdf1e31272061be3a44835df61e,localhost,7074
USER000075,96adc4ef0e31523dd48d86f92c066b58,localhost,7075
USER000076,2f2088b658ab2239809669b82968aa28,localhost,7076
USER000077,1b58dfd1acc443da704575d1add1d328,localhost,7077
USER000078,ad0d9676ea95359ff0e1d44ed5a68458,localhost,7078
USER000079,e5ea2a426e072bea21a10fd184ceb4cb,localhost,7079
USER000080,5d4be5d3e681b2b81ddc18e4aeaa61f3,localhost,7080
USER000081,cfdb01727f1cb52b885bc171d276daad,localhost,7081
USER000082,61c28b69822bc00be0e9f9fcbcaaf2a8,localhost,7082
USER000083,60b590e1dbf411f1cd55950839362879,localhost,7083
USER000084,8c3cc2e73449db0ccda5322fe95f697a,localhost,7084
USER000085,134b44fc10c2b5dbe6bdab1ba68cab61,localhost,7085
USER000086,8c1674d78345044eb1acae9b7d11fab3,localhost,7086
USER000087,0f3987f855c06c3eb5ba755a14004ed5,localhost,7087
USER000088,9c990e3dee4ed5d864721aa5951c1d54,localhost,7088
USER000089,a67011f4e50221c345327e669ea26039,localhost,7089
USER000090,b90385b480b4340cbbcde03d46920465,localhost,7090
USER000091,dc783da5682dd227346332e57172aa19,localhost,7091
USER000092,8b85a1182230f50169000f2338afea25,localhost,7092
USER000093,5e2443dcba7b941a9ddbf00f1168ee9c,localhost,7093
USER000094,786679a3e4fc55ade2bcdca0341d37fe,localhost,7094
USER000095,0edabe4b23661b1cc21b67b6db5f7119,localhost,7095
USER000096,23a865dec001bc8e417da9d96c49a794,localhost,7096
USER000097,6b40ac9c816ece90b86fa0d538db036d,localhost,7097
USER000098,3d62faf62c90cee47f032c8ac407458b,localhost,7098
USER000099,6ab3c70a4e0487a76271e02a40c97b5e,localhost,7099
USER000100,f9a90d597991e56410302c4ee68c2c40,localhost,7100
